fips,County Name,State
01005,Barbour County,AL
01011,Bullock County,AL
01013,Butler County,AL
01019,Cherokee County,AL
01023,Choctaw County,AL
01025,Clarke County,AL
01027,Clay County,AL
01029,Cleburne County,AL
01035,Conecuh County,AL
01039,Covington County,AL
01041,Crenshaw County,AL
01049,DeKalb County,AL
01053,Escambia County,AL
01057,Fayette County,AL
01059,Franklin County,AL
01063,Greene County,AL
01075,Lamar County,AL
01087,Macon County,AL
01091,Marengo County,AL
01093,Marion County,AL
01099,Monroe County,AL
01105,Perry County,AL
01111,Randolph County,AL
01119,Sumter County,AL
01123,Tallapoosa County,AL
01129,Washington County,AL
01131,Wilcox County,AL
01133,Winston County,AL
02013,Aleutians East Borough,AK
02016,Aleutians West Census Area,AK
02050,Bethel Census Area,AK
02060,Bristol Bay Borough,AK
02068,Denali Borough,AK
02070,Dillingham Census Area,AK
02100,Haines Borough,AK
02105,"Hoonah-Angoon Census Area, AK",AK
02110,Juneau City and Borough,AK
02122,Kenai Peninsula Borough,AK
02130,Ketchikan Gateway Borough,AK
02150,Kodiak Island Borough,AK
02158,Kusilvak Census Area,AK
02164,Lake and Peninsula Borough,AK
02180,Nome Census Area,AK
02185,North Slope Borough,AK
02188,Northwest Arctic Borough,AK
02195,Petersburg Census area,AK
02198,Price of Wales Hyder Census Area,AK
02220,Sitka City and Borough,AK
02230,Skagway Municipality,AK
02240,Southeast Fairbanks Census Area,AK
02261,Valdez-Cordova Census Area,AK
02275,Wrangell City and Borough,AK
02282,Yakutat City and Borough,AK
02290,Yukon-Koyukuk Census Area,AK
04001,Apache County,AZ
04009,Graham County,AZ
04011,Greenlee County,AZ
04012,La Paz County,AZ
05001,Arkansas County,AR
05003,Ashley County,AR
05005,Baxter County,AR
05009,Boone County,AR
05011,Bradley County,AR
05013,Calhoun County,AR
05015,Carroll County,AR
05017,Chicot County,AR
05019,Clark County,AR
05021,Clay County,AR
05023,Cleburne County,AR
05027,Columbia County,AR
05029,Conway County,AR
05037,Cross County,AR
05039,Dallas County,AR
05041,Desha County,AR
05043,Drew County,AR
05047,Franklin County,AR
05049,Fulton County,AR
05057,Hempstead County,AR
05061,Howard County,AR
05063,Independence County,AR
05065,Izard County,AR
05067,Jackson County,AR
05071,Johnson County,AR
05073,Lafayette County,AR
05075,Lawrence County,AR
05077,Lee County,AR
05083,Logan County,AR
05089,Marion County,AR
05095,Monroe County,AR
05097,Montgomery County,AR
05099,Nevada County,AR
05101,Newton County,AR
05103,Ouachita County,AR
05109,Pike County,AR
05113,Polk County,AR
05115,Pope County,AR
05117,Prairie County,AR
05121,Randolph County,AR
05127,Scott County,AR
05129,Searcy County,AR
05133,Sevier County,AR
05135,Sharp County,AR
05137,Stone County,AR
05139,Union County,AR
05141,Van Buren County,AR
05147,Woodruff County,AR
06003,Alpine County,CA
06005,Amador County,CA
06009,Calaveras County,CA
06011,Colusa County,CA
06015,Del Norte County,CA
06021,Glenn County,CA
06023,Humboldt County,CA
06027,Inyo County,CA
06035,Lassen County,CA
06043,Mariposa County,CA
06049,Modoc County,CA
06051,Mono County,CA
06063,Plumas County,CA
06091,Sierra County,CA
06093,Siskiyou County,CA
06105,Trinity County,CA
08003,Alamosa County,CO
08007,Archuleta County,CO
08009,Baca County,CO
08011,Bent County,CO
08015,Chaffee County,CO
08017,Cheyenne County,CO
08021,Conejos County,CO
08023,Costilla County,CO
08025,Crowley County,CO
08027,Custer County,CO
08029,Delta County,CO
08033,Dolores County,CO
08037,Eagle County,CO
08045,Garfield County,CO
08049,Grand County,CO
08051,Gunnison County,CO
08053,Hinsdale County,CO
08055,Huerfano County,CO
08057,Jackson County,CO
08061,Kiowa County,CO
08063,Kit Carson County,CO
08065,Lake County,CO
08071,Las Animas County,CO
08073,Lincoln County,CO
08075,Logan County,CO
08079,Mineral County,CO
08081,Moffat County,CO
08083,Montezuma County,CO
08089,Otero County,CO
08091,Ouray County,CO
08095,Phillips County,CO
08097,Pitkin County,CO
08099,Prowers County,CO
08103,Rio Blanco County,CO
08105,Rio Grande County,CO
08107,Routt County,CO
08109,Saguache County,CO
08111,San Juan County,CO
08113,San Miguel County,CO
08115,Sedgwick County,CO
08117,Summit County,CO
08121,Washington County,CO
08125,Yuma County,CO
12007,Bradford County,FL
12013,Calhoun County,FL
12029,Dixie County,FL
12037,Franklin County,FL
12043,Glades County,FL
12047,Hamilton County,FL
12059,Holmes County,FL
12063,Jackson County,FL
12067,Lafayette County,FL
12075,Levy County,FL
12077,Liberty County,FL
12079,Madison County,FL
12121,Suwannee County,FL
12123,Taylor County,FL
12125,Union County,FL
12133,Washington County,FL
13001,Appling County,GA
13003,Atkinson County,GA
13005,Bacon County,GA
13011,Banks County,GA
13017,Ben Hill County,GA
13019,Berrien County,GA
13023,Bleckley County,GA
13037,Calhoun County,GA
13043,Candler County,GA
13049,Charlton County,GA
13061,Clay County,GA
13065,Clinch County,GA
13069,Coffee County,GA
13075,Cook County,GA
13091,Dodge County,GA
13093,Dooly County,GA
13099,Early County,GA
13105,Elbert County,GA
13107,Emanuel County,GA
13109,Evans County,GA
13111,Fannin County,GA
13119,Franklin County,GA
13123,Gilmer County,GA
13125,Glascock County,GA
13131,Grady County,GA
13133,Greene County,GA
13141,Hancock County,GA
13147,Hart County,GA
13155,Irwin County,GA
13161,Jeff Davis County,GA
13163,Jefferson County,GA
13165,Jenkins County,GA
13167,Johnson County,GA
13175,Laurens County,GA
13187,Lumpkin County,GA
13193,Macon County,GA
13201,Miller County,GA
13205,Mitchell County,GA
13209,Montgomery County,GA
13237,Putnam County,GA
13239,Quitman County,GA
13241,Rabun County,GA
13243,Randolph County,GA
13251,Screven County,GA
13253,Seminole County,GA
13257,Stephens County,GA
13259,Stewart County,GA
13263,Talbot County,GA
13265,Taliaferro County,GA
13267,Tattnall County,GA
13269,Taylor County,GA
13271,Telfair County,GA
13277,Tift County,GA
13279,Toombs County,GA
13281,Towns County,GA
13283,Treutlen County,GA
13287,Turner County,GA
13291,Union County,GA
13299,Ware County,GA
13301,Warren County,GA
13303,Washington County,GA
13307,Webster County,GA
13309,Wheeler County,GA
13311,White County,GA
13315,Wilcox County,GA
13317,Wilkes County,GA
13319,Wilkinson County,GA
15001,Hawaii County,HI
15007,Kauai County,HI
16003,Adams County,ID
16007,Bear Lake County,ID
16009,Benewah County,ID
16013,Blaine County,ID
16021,Boundary County,ID
16025,Camas County,ID
16029,Caribou County,ID
16031,Cassia County,ID
16033,Clark County,ID
16035,Clearwater County,ID
16037,Custer County,ID
16047,Gooding County,ID
16049,Idaho County,ID
16053,Jerome County,ID
16059,Lemhi County,ID
16061,Lewis County,ID
16063,Lincoln County,ID
16067,Minidoka County,ID
16071,Oneida County,ID
16077,Power County,ID
16079,Shoshone County,ID
16081,Teton County,ID
16083,Twin Falls County,ID
16085,Valley County,ID
16087,Washington County,ID
17001,Adams County,IL
17009,Brown County,IL
17011,Bureau County,IL
17015,Carroll County,IL
17017,Cass County,IL
17023,Clark County,IL
17025,Clay County,IL
17029,Coles County,IL
17033,Crawford County,IL
17035,Cumberland County,IL
17041,Douglas County,IL
17045,Edgar County,IL
17047,Edwards County,IL
17049,Effingham County,IL
17051,Fayette County,IL
17055,Franklin County,IL
17059,Gallatin County,IL
17061,Greene County,IL
17065,Hamilton County,IL
17067,Hancock County,IL
17069,Hardin County,IL
17071,Henderson County,IL
17075,Iroquois County,IL
17079,Jasper County,IL
17081,Jefferson County,IL
17085,Jo Daviess County,IL
17087,Johnson County,IL
17101,Lawrence County,IL
17109,McDonough County,IL
17125,Mason County,IL
17127,Massac County,IL
17135,Montgomery County,IL
17139,Moultrie County,IL
17145,Perry County,IL
17149,Pike County,IL
17151,Pope County,IL
17153,Pulaski County,IL
17157,Randolph County,IL
17159,Richland County,IL
17165,Saline County,IL
17169,Schuyler County,IL
17171,Scott County,IL
17173,Shelby County,IL
17181,Union County,IL
17185,Wabash County,IL
17187,Warren County,IL
17189,Washington County,IL
17191,Wayne County,IL
17193,White County,IL
18009,Blackford County,IN
18025,Crawford County,IN
18027,Daviess County,IN
18037,Dubois County,IN
18045,Fountain County,IN
18047,Franklin County,IN
18049,Fulton County,IN
18051,Gibson County,IN
18055,Greene County,IN
18075,Jay County,IN
18083,Knox County,IN
18087,LaGrange County,IN
18101,Martin County,IN
18117,Orange County,IN
18121,Parke County,IN
18123,Perry County,IN
18131,Pulaski County,IN
18135,Randolph County,IN
18137,Ripley County,IN
18139,Rush County,IN
18147,Spencer County,IN
18149,Starke County,IN
18151,Steuben County,IN
18155,Switzerland County,IN
18159,Tipton County,IN
18171,Warren County,IN
18177,Wayne County,IN
18181,White County,IN
19001,Adair County,IA
19003,Adams County,IA
19005,Allamakee County,IA
19007,Appanoose County,IA
19009,Audubon County,IA
19019,Buchanan County,IA
19021,Buena Vista County,IA
19023,Butler County,IA
19025,Calhoun County,IA
19027,Carroll County,IA
19029,Cass County,IA
19031,Cedar County,IA
19033,Cerro Gordo County,IA
19035,Cherokee County,IA
19037,Chickasaw County,IA
19039,Clarke County,IA
19041,Clay County,IA
19043,Clayton County,IA
19047,Crawford County,IA
19051,Davis County,IA
19053,Decatur County,IA
19055,Delaware County,IA
19057,Des Moines County,IA
19059,Dickinson County,IA
19063,Emmet County,IA
19065,Fayette County,IA
19067,Floyd County,IA
19069,Franklin County,IA
19071,Fremont County,IA
19073,Greene County,IA
19079,Hamilton County,IA
19081,Hancock County,IA
19083,Hardin County,IA
19087,Henry County,IA
19089,Howard County,IA
19091,Humboldt County,IA
19093,Ida County,IA
19095,Iowa County,IA
19097,Jackson County,IA
19101,Jefferson County,IA
19107,Keokuk County,IA
19109,Kossuth County,IA
19111,Lee County,IA
19115,Louisa County,IA
19117,Lucas County,IA
19119,Lyon County,IA
19123,Mahaska County,IA
19125,Marion County,IA
19131,Mitchell County,IA
19133,Monona County,IA
19135,Monroe County,IA
19137,Montgomery County,IA
19141,O'Brien County,IA
19143,Osceola County,IA
19145,Page County,IA
19147,Palo Alto County,IA
19151,Pocahontas County,IA
19157,Poweshiek County,IA
19159,Ringgold County,IA
19161,Sac County,IA
19165,Shelby County,IA
19167,Sioux County,IA
19171,Tama County,IA
19173,Taylor County,IA
19175,Union County,IA
19177,Van Buren County,IA
19179,Wapello County,IA
19185,Wayne County,IA
19187,Webster County,IA
19189,Winnebago County,IA
19191,Winneshiek County,IA
19195,Worth County,IA
19197,Wright County,IA
20001,Allen County,KS
20003,Anderson County,KS
20007,Barber County,KS
20009,Barton County,KS
20011,Bourbon County,KS
20013,Brown County,KS
20017,Chase County,KS
20019,Chautauqua County,KS
20021,Cherokee County,KS
20023,Cheyenne County,KS
20025,Clark County,KS
20027,Clay County,KS
20029,Cloud County,KS
20031,Coffey County,KS
20033,Comanche County,KS
20039,Decatur County,KS
20041,Dickinson County,KS
20047,Edwards County,KS
20049,Elk County,KS
20051,Ellis County,KS
20053,Ellsworth County,KS
20055,Finney County,KS
20057,Ford County,KS
20063,Gove County,KS
20065,Graham County,KS
20067,Grant County,KS
20069,Gray County,KS
20071,Greeley County,KS
20073,Greenwood County,KS
20075,Hamilton County,KS
20077,Harper County,KS
20081,Haskell County,KS
20083,Hodgeman County,KS
20089,Jewell County,KS
20093,Kearny County,KS
20097,Kiowa County,KS
20099,Labette County,KS
20101,Lane County,KS
20105,Lincoln County,KS
20109,Logan County,KS
20113,McPherson County,KS
20115,Marion County,KS
20117,Marshall County,KS
20119,Meade County,KS
20123,Mitchell County,KS
20125,Montgomery County,KS
20127,Morris County,KS
20129,Morton County,KS
20131,Nemaha County,KS
20133,Neosho County,KS
20135,Ness County,KS
20137,Norton County,KS
20141,Osborne County,KS
20143,Ottawa County,KS
20145,Pawnee County,KS
20147,Phillips County,KS
20151,Pratt County,KS
20153,Rawlins County,KS
20157,Republic County,KS
20159,Rice County,KS
20163,Rooks County,KS
20165,Rush County,KS
20167,Russell County,KS
20169,Saline County,KS
20171,Scott County,KS
20175,Seward County,KS
20179,Sheridan County,KS
20181,Sherman County,KS
20183,Smith County,KS
20185,Stafford County,KS
20187,Stanton County,KS
20189,Stevens County,KS
20193,Thomas County,KS
20195,Trego County,KS
20199,Wallace County,KS
20201,Washington County,KS
20203,Wichita County,KS
20205,Wilson County,KS
20207,Woodson County,KS
21001,Adair County,KY
21007,Ballard County,KY
21013,Bell County,KY
21021,Boyle County,KY
21025,Breathitt County,KY
21027,Breckinridge County,KY
21033,Caldwell County,KY
21035,Calloway County,KY
21039,Carlisle County,KY
21041,Carroll County,KY
21043,Carter County,KY
21045,Casey County,KY
21051,Clay County,KY
21053,Clinton County,KY
21055,Crittenden County,KY
21057,Cumberland County,KY
21063,Elliott County,KY
21065,Estill County,KY
21069,Fleming County,KY
21071,Floyd County,KY
21075,Fulton County,KY
21079,Garrard County,KY
21083,Graves County,KY
21085,Grayson County,KY
21087,Green County,KY
21095,Harlan County,KY
21097,Harrison County,KY
21099,Hart County,KY
21105,Hickman County,KY
21107,Hopkins County,KY
21109,Jackson County,KY
21115,Johnson County,KY
21119,Knott County,KY
21121,Knox County,KY
21125,Laurel County,KY
21127,Lawrence County,KY
21129,Lee County,KY
21131,Leslie County,KY
21133,Letcher County,KY
21135,Lewis County,KY
21137,Lincoln County,KY
21139,Livingston County,KY
21141,Logan County,KY
21143,Lyon County,KY
21145,McCracken County,KY
21147,McCreary County,KY
21153,Magoffin County,KY
21155,Marion County,KY
21157,Marshall County,KY
21159,Martin County,KY
21165,Menifee County,KY
21167,Mercer County,KY
21169,Metcalfe County,KY
21171,Monroe County,KY
21175,Morgan County,KY
21177,Muhlenberg County,KY
21181,Nicholas County,KY
21183,Ohio County,KY
21187,Owen County,KY
21189,Owsley County,KY
21193,Perry County,KY
21195,Pike County,KY
21197,Powell County,KY
21199,Pulaski County,KY
21201,Robertson County,KY
21203,Rockcastle County,KY
21205,Rowan County,KY
21207,Russell County,KY
21213,Simpson County,KY
21217,Taylor County,KY
21219,Todd County,KY
21225,Union County,KY
21229,Washington County,KY
21231,Wayne County,KY
21233,Webster County,KY
21235,Whitley County,KY
21237,Wolfe County,KY
22003,Allen Parish,LA
22007,Assumption Parish,LA
22009,Avoyelles Parish,LA
22013,Bienville Parish,LA
22021,Caldwell Parish,LA
22025,Catahoula Parish,LA
22027,Claiborne Parish,LA
22029,Concordia Parish,LA
22035,East Carroll Parish,LA
22039,Evangeline Parish,LA
22041,Franklin Parish,LA
22049,Jackson Parish,LA
22053,Jefferson Davis Parish,LA
22059,LaSalle Parish,LA
22065,Madison Parish,LA
22081,Red River Parish,LA
22083,Richland Parish,LA
22085,Sabine Parish,LA
22107,Tensas Parish,LA
22115,Vernon Parish,LA
22123,West Carroll Parish,LA
22127,Winn Parish,LA
23003,Aroostook County,ME
23007,Franklin County,ME
23009,Hancock County,ME
23013,Knox County,ME
23015,Lincoln County,ME
23017,Oxford County,ME
23021,Piscataquis County,ME
23025,Somerset County,ME
23027,Waldo County,ME
23029,Washington County,ME
24011,Caroline County,MD
24023,Garrett County,MD
24029,Kent County,MD
25007,Dukes County,MA
25019,Nantucket County,MA
26001,Alcona County,MI
26003,Alger County,MI
26007,Alpena County,MI
26009,Antrim County,MI
26011,Arenac County,MI
26013,Baraga County,MI
26019,Benzie County,MI
26029,Charlevoix County,MI
26031,Cheboygan County,MI
26033,Chippewa County,MI
26035,Clare County,MI
26039,Crawford County,MI
26041,Delta County,MI
26043,Dickinson County,MI
26047,Emmet County,MI
26051,Gladwin County,MI
26053,Gogebic County,MI
26055,Grand Traverse County,MI
26061,Houghton County,MI
26063,Huron County,MI
26069,Iosco County,MI
26071,Iron County,MI
26079,Kalkaska County,MI
26083,Keweenaw County,MI
26085,Lake County,MI
26089,Leelanau County,MI
26095,Luce County,MI
26097,Mackinac County,MI
26101,Manistee County,MI
26103,Marquette County,MI
26105,Mason County,MI
26109,Menominee County,MI
26113,Missaukee County,MI
26119,Montmorency County,MI
26123,Newaygo County,MI
26127,Oceana County,MI
26129,Ogemaw County,MI
26131,Ontonagon County,MI
26133,Osceola County,MI
26135,Oscoda County,MI
26137,Otsego County,MI
26141,Presque Isle County,MI
26143,Roscommon County,MI
26151,Sanilac County,MI
26153,Schoolcraft County,MI
26157,Tuscola County,MI
26165,Wexford County,MI
27001,Aitkin County,MN
27005,Becker County,MN
27007,Beltrami County,MN
27011,Big Stone County,MN
27021,Cass County,MN
27023,Chippewa County,MN
27029,Clearwater County,MN
27031,Cook County,MN
27033,Cottonwood County,MN
27043,Faribault County,MN
27047,Freeborn County,MN
27051,Grant County,MN
27057,Hubbard County,MN
27061,Itasca County,MN
27063,Jackson County,MN
27065,Kanabec County,MN
27069,Kittson County,MN
27071,Koochiching County,MN
27073,Lac qui Parle County,MN
27075,Lake County,MN
27077,Lake of the Woods County,MN
27081,Lincoln County,MN
27083,Lyon County,MN
27087,Mahnomen County,MN
27089,Marshall County,MN
27091,Martin County,MN
27093,Meeker County,MN
27097,Morrison County,MN
27101,Murray County,MN
27105,Nobles County,MN
27107,Norman County,MN
27113,Pennington County,MN
27115,Pine County,MN
27117,Pipestone County,MN
27121,Pope County,MN
27125,Red Lake County,MN
27127,Redwood County,MN
27129,Renville County,MN
27133,Rock County,MN
27135,Roseau County,MN
27147,Steele County,MN
27149,Stevens County,MN
27151,Swift County,MN
27153,Todd County,MN
27155,Traverse County,MN
27159,Wadena County,MN
27161,Waseca County,MN
27165,Watonwan County,MN
27173,Yellow Medicine County,MN
28001,Adams County,MS
28003,Alcorn County,MS
28007,Attala County,MS
28011,Bolivar County,MS
28013,Calhoun County,MS
28015,Carroll County,MS
28017,Chickasaw County,MS
28019,Choctaw County,MS
28023,Clarke County,MS
28025,Clay County,MS
28027,Coahoma County,MS
28031,Covington County,MS
28037,Franklin County,MS
28039,George County,MS
28041,Greene County,MS
28043,Grenada County,MS
28051,Holmes County,MS
28053,Humphreys County,MS
28055,Issaquena County,MS
28057,Itawamba County,MS
28061,Jasper County,MS
28063,Jefferson County,MS
28065,Jefferson Davis County,MS
28069,Kemper County,MS
28075,Lauderdale County,MS
28077,Lawrence County,MS
28079,Leake County,MS
28081,Lee County,MS
28083,Leflore County,MS
28087,Lowndes County,MS
28091,Marion County,MS
28095,Monroe County,MS
28097,Montgomery County,MS
28099,Neshoba County,MS
28101,Newton County,MS
28103,Noxubee County,MS
28105,Oktibbeha County,MS
28107,Panola County,MS
28115,Pontotoc County,MS
28117,Prentiss County,MS
28119,Quitman County,MS
28123,Scott County,MS
28125,Sharkey County,MS
28129,Smith County,MS
28131,Stone County,MS
28133,Sunflower County,MS
28135,Tallahatchie County,MS
28139,Tippah County,MS
28141,Tishomingo County,MS
28145,Union County,MS
28147,Walthall County,MS
28151,Washington County,MS
28153,Wayne County,MS
28155,Webster County,MS
28157,Wilkinson County,MS
28159,Winston County,MS
28161,Yalobusha County,MS
29001,Adair County,MO
29005,Atchison County,MO
29009,Barry County,MO
29011,Barton County,MO
29015,Benton County,MO
29023,Butler County,MO
29029,Camden County,MO
29033,Carroll County,MO
29035,Carter County,MO
29039,Cedar County,MO
29041,Chariton County,MO
29045,Clark County,MO
29053,Cooper County,MO
29055,Crawford County,MO
29057,Dade County,MO
29061,Daviess County,MO
29065,Dent County,MO
29067,Douglas County,MO
29069,Dunklin County,MO
29073,Gasconade County,MO
29075,Gentry County,MO
29079,Grundy County,MO
29081,Harrison County,MO
29083,Henry County,MO
29085,Hickory County,MO
29087,Holt County,MO
29089,Howard County,MO
29091,Howell County,MO
29093,Iron County,MO
29103,Knox County,MO
29109,Lawrence County,MO
29111,Lewis County,MO
29115,Linn County,MO
29117,Livingston County,MO
29121,Macon County,MO
29123,Madison County,MO
29125,Maries County,MO
29127,Marion County,MO
29129,Mercer County,MO
29131,Miller County,MO
29133,Mississippi County,MO
29137,Monroe County,MO
29139,Montgomery County,MO
29141,Morgan County,MO
29143,New Madrid County,MO
29149,Oregon County,MO
29153,Ozark County,MO
29155,Pemiscot County,MO
29157,Perry County,MO
29161,Phelps County,MO
29163,Pike County,MO
29169,Pulaski County,MO
29171,Putnam County,MO
29173,Ralls County,MO
29179,Reynolds County,MO
29181,Ripley County,MO
29185,St. Clair County,MO
29186,Ste. Genevieve County,MO
29197,Schuyler County,MO
29199,Scotland County,MO
29203,Shannon County,MO
29205,Shelby County,MO
29207,Stoddard County,MO
29211,Sullivan County,MO
29215,Texas County,MO
29217,Vernon County,MO
29221,Washington County,MO
29223,Wayne County,MO
29227,Worth County,MO
29229,Wright County,MO
30001,Beaverhead County,MT
30003,Big Horn County,MT
30005,Blaine County,MT
30007,Broadwater County,MT
30011,Carter County,MT
30015,Chouteau County,MT
30017,Custer County,MT
30019,Daniels County,MT
30021,Dawson County,MT
30023,Deer Lodge County,MT
30025,Fallon County,MT
30027,Fergus County,MT
30029,Flathead County,MT
30031,Gallatin County,MT
30033,Garfield County,MT
30035,Glacier County,MT
30039,Granite County,MT
30041,Hill County,MT
30043,Jefferson County,MT
30045,Judith Basin County,MT
30047,Lake County,MT
30049,Lewis and Clark County,MT
30051,Liberty County,MT
30053,Lincoln County,MT
30055,McCone County,MT
30057,Madison County,MT
30059,Meagher County,MT
30061,Mineral County,MT
30065,Musselshell County,MT
30067,Park County,MT
30069,Petroleum County,MT
30071,Phillips County,MT
30073,Pondera County,MT
30075,Powder River County,MT
30077,Powell County,MT
30079,Prairie County,MT
30081,Ravalli County,MT
30083,Richland County,MT
30085,Roosevelt County,MT
30087,Rosebud County,MT
30089,Sanders County,MT
30091,Sheridan County,MT
30093,Silver Bow County,MT
30095,Stillwater County,MT
30097,Sweet Grass County,MT
30099,Teton County,MT
30101,Toole County,MT
30103,Treasure County,MT
30105,Valley County,MT
30107,Wheatland County,MT
30109,Wibaux County,MT
31003,Antelope County,NE
31005,Arthur County,NE
31007,Banner County,NE
31009,Blaine County,NE
31011,Boone County,NE
31013,Box Butte County,NE
31015,Boyd County,NE
31017,Brown County,NE
31021,Burt County,NE
31023,Butler County,NE
31027,Cedar County,NE
31029,Chase County,NE
31031,Cherry County,NE
31033,Cheyenne County,NE
31035,Clay County,NE
31037,Colfax County,NE
31039,Cuming County,NE
31041,Custer County,NE
31045,Dawes County,NE
31047,Dawson County,NE
31049,Deuel County,NE
31057,Dundy County,NE
31059,Fillmore County,NE
31061,Franklin County,NE
31063,Frontier County,NE
31065,Furnas County,NE
31069,Garden County,NE
31071,Garfield County,NE
31073,Gosper County,NE
31075,Grant County,NE
31077,Greeley County,NE
31083,Harlan County,NE
31085,Hayes County,NE
31087,Hitchcock County,NE
31089,Holt County,NE
31091,Hooker County,NE
31095,Jefferson County,NE
31097,Johnson County,NE
31099,Kearney County,NE
31101,Keith County,NE
31103,Keya Paha County,NE
31105,Kimball County,NE
31107,Knox County,NE
31111,Lincoln County,NE
31113,Logan County,NE
31115,Loup County,NE
31117,McPherson County,NE
31119,Madison County,NE
31123,Morrill County,NE
31125,Nance County,NE
31127,Nemaha County,NE
31129,Nuckolls County,NE
31131,Otoe County,NE
31133,Pawnee County,NE
31135,Perkins County,NE
31137,Phelps County,NE
31139,Pierce County,NE
31141,Platte County,NE
31143,Polk County,NE
31145,Red Willow County,NE
31147,Richardson County,NE
31149,Rock County,NE
31151,Saline County,NE
31157,Scotts Bluff County,NE
31161,Sheridan County,NE
31163,Sherman County,NE
31165,Sioux County,NE
31167,Stanton County,NE
31169,Thayer County,NE
31171,Thomas County,NE
31173,Thurston County,NE
31175,Valley County,NE
31179,Wayne County,NE
31181,Webster County,NE
31183,Wheeler County,NE
31185,York County,NE
32007,Elko County,NV
32009,Esmeralda County,NV
32011,Eureka County,NV
32013,Humboldt County,NV
32015,Lander County,NV
32017,Lincoln County,NV
32021,Mineral County,NV
32027,Pershing County,NV
32033,White Pine County,NV
33003,Carroll County,NH
33007,Coos County,NH
33009,Grafton County,NH
33019,Sullivan County,NH
35003,Catron County,NM
35005,Chaves County,NM
35007,Colfax County,NM
35009,Curry County,NM
35011,De Baca County,NM
35015,Eddy County,NM
35017,Grant County,NM
35019,Guadalupe County,NM
35021,Harding County,NM
35023,Hidalgo County,NM
35025,Lea County,NM
35027,Lincoln County,NM
35031,McKinley County,NM
35033,Mora County,NM
35037,Quay County,NM
35041,Roosevelt County,NM
35051,Sierra County,NM
35053,Socorro County,NM
35055,Taos County,NM
35059,Union County,NM
36003,Allegany County,NY
36017,Chenango County,NY
36019,Clinton County,NY
36025,Delaware County,NY
36031,Essex County,NY
36033,Franklin County,NY
36039,Greene County,NY
36041,Hamilton County,NY
36049,Lewis County,NY
36077,Otsego County,NY
36097,Schuyler County,NY
36105,Sullivan County,NY
36121,Wyoming County,NY
37005,Alleghany County,NC
37007,Anson County,NC
37009,Ashe County,NC
37011,Avery County,NC
37015,Bertie County,NC
37017,Bladen County,NC
37033,Caswell County,NC
37039,Cherokee County,NC
37041,Chowan County,NC
37043,Clay County,NC
37047,Columbus County,NC
37061,Duplin County,NC
37075,Graham County,NC
37079,Greene County,NC
37091,Hertford County,NC
37095,Hyde County,NC
37113,Macon County,NC
37117,Martin County,NC
37121,Mitchell County,NC
37123,Montgomery County,NC
37131,Northampton County,NC
37149,Polk County,NC
37153,Richmond County,NC
37163,Sampson County,NC
37173,Swain County,NC
37177,Tyrrell County,NC
37185,Warren County,NC
37187,Washington County,NC
37189,Watauga County,NC
37199,Yancey County,NC
38001,Adams County,ND
38003,Barnes County,ND
38005,Benson County,ND
38007,Billings County,ND
38009,Bottineau County,ND
38011,Bowman County,ND
38013,Burke County,ND
38019,Cavalier County,ND
38021,Dickey County,ND
38023,Divide County,ND
38025,Dunn County,ND
38027,Eddy County,ND
38029,Emmons County,ND
38031,Foster County,ND
38033,Golden Valley County,ND
38037,Grant County,ND
38039,Griggs County,ND
38041,Hettinger County,ND
38043,Kidder County,ND
38045,LaMoure County,ND
38047,Logan County,ND
38049,McHenry County,ND
38051,McIntosh County,ND
38053,McKenzie County,ND
38055,McLean County,ND
38057,Mercer County,ND
38061,Mountrail County,ND
38063,Nelson County,ND
38067,Pembina County,ND
38069,Pierce County,ND
38071,Ramsey County,ND
38073,Ransom County,ND
38075,Renville County,ND
38079,Rolette County,ND
38081,Sargent County,ND
38083,Sheridan County,ND
38087,Slope County,ND
38089,Stark County,ND
38091,Steele County,ND
38093,Stutsman County,ND
38095,Towner County,ND
38097,Traill County,ND
38099,Walsh County,ND
38101,Ward County,ND
38103,Wells County,ND
38105,Williams County,ND
39001,Adams County,OH
39065,Hardin County,OH
39067,Harrison County,OH
39069,Henry County,OH
39071,Highland County,OH
39075,Holmes County,OH
39079,Jackson County,OH
39105,Meigs County,OH
39107,Mercer County,OH
39111,Monroe County,OH
39115,Morgan County,OH
39121,Noble County,OH
39125,Paulding County,OH
39131,Pike County,OH
39135,Preble County,OH
39137,Putnam County,OH
39163,Vinton County,OH
39171,Williams County,OH
39175,Wyandot County,OH
40001,Adair County,OK
40003,Alfalfa County,OK
40005,Atoka County,OK
40007,Beaver County,OK
40009,Beckham County,OK
40011,Blaine County,OK
40015,Caddo County,OK
40019,Carter County,OK
40023,Choctaw County,OK
40025,Cimarron County,OK
40029,Coal County,OK
40035,Craig County,OK
40039,Custer County,OK
40041,Delaware County,OK
40043,Dewey County,OK
40045,Ellis County,OK
40047,Garfield County,OK
40049,Garvin County,OK
40053,Grant County,OK
40055,Greer County,OK
40057,Harmon County,OK
40059,Harper County,OK
40061,Haskell County,OK
40063,Hughes County,OK
40065,Jackson County,OK
40067,Jefferson County,OK
40069,Johnston County,OK
40071,Kay County,OK
40073,Kingfisher County,OK
40075,Kiowa County,OK
40077,Latimer County,OK
40085,Love County,OK
40089,McCurtain County,OK
40091,McIntosh County,OK
40093,Major County,OK
40095,Marshall County,OK
40097,Mayes County,OK
40099,Murray County,OK
40103,Noble County,OK
40105,Nowata County,OK
40107,Okfuskee County,OK
40121,Pittsburg County,OK
40123,Pontotoc County,OK
40127,Pushmataha County,OK
40129,Roger Mills County,OK
40133,Seminole County,OK
40139,Texas County,OK
40141,Tillman County,OK
40149,Washita County,OK
40151,Woods County,OK
40153,Woodward County,OK
41001,Baker County,OR
41011,Coos County,OR
41015,Curry County,OR
41021,Gilliam County,OR
41023,Grant County,OR
41025,Harney County,OR
41031,Jefferson County,OR
41035,Klamath County,OR
41037,Lake County,OR
41041,Lincoln County,OR
41055,Sherman County,OR
41057,Tillamook County,OR
41061,Union County,OR
41063,Wallowa County,OR
41069,Wheeler County,OR
42009,Bedford County,PA
42023,Cameron County,PA
42031,Clarion County,PA
42047,Elk County,PA
42053,Forest County,PA
42057,Fulton County,PA
42059,Greene County,PA
42065,Jefferson County,PA
42067,Juniata County,PA
42083,McKean County,PA
42105,Potter County,PA
42109,Snyder County,PA
42113,Sullivan County,PA
42115,Susquehanna County,PA
42117,Tioga County,PA
42127,Wayne County,PA
45005,Allendale County,SC
45009,Bamberg County,SC
45011,Barnwell County,SC
45025,Chesterfield County,SC
45027,Clarendon County,SC
45029,Colleton County,SC
45033,Dillon County,SC
45049,Hampton County,SC
45061,Lee County,SC
45065,McCormick County,SC
45067,Marion County,SC
45089,Williamsburg County,SC
46003,Aurora County,SD
46005,Beadle County,SD
46007,Bennett County,SD
46009,Bon Homme County,SD
46011,Brookings County,SD
46013,Brown County,SD
46015,Brule County,SD
46017,Buffalo County,SD
46019,Butte County,SD
46021,Campbell County,SD
46023,Charles Mix County,SD
46025,Clark County,SD
46029,Codington County,SD
46031,Corson County,SD
46035,Davison County,SD
46037,Day County,SD
46039,Deuel County,SD
46041,Dewey County,SD
46043,Douglas County,SD
46045,Edmunds County,SD
46047,Fall River County,SD
46049,Faulk County,SD
46051,Grant County,SD
46053,Gregory County,SD
46055,Haakon County,SD
46057,Hamlin County,SD
46059,Hand County,SD
46063,Harding County,SD
46065,Hughes County,SD
46067,Hutchinson County,SD
46069,Hyde County,SD
46071,Jackson County,SD
46073,Jerauld County,SD
46075,Jones County,SD
46077,Kingsbury County,SD
46079,Lake County,SD
46085,Lyman County,SD
46089,McPherson County,SD
46091,Marshall County,SD
46095,Mellette County,SD
46097,Miner County,SD
46101,Moody County,SD
46102,Oglala Lakota County,SD
46105,Perkins County,SD
46107,Potter County,SD
46109,Roberts County,SD
46111,Sanborn County,SD
46115,Spink County,SD
46117,Stanley County,SD
46119,Sully County,SD
46121,Todd County,SD
46123,Tripp County,SD
46129,Walworth County,SD
46135,Yankton County,SD
46137,Ziebach County,SD
47005,Benton County,TN
47007,Bledsoe County,TN
47017,Carroll County,TN
47025,Claiborne County,TN
47027,Clay County,TN
47039,Decatur County,TN
47041,DeKalb County,TN
47045,Dyer County,TN
47049,Fentress County,TN
47053,Gibson County,TN
47055,Giles County,TN
47061,Grundy County,TN
47067,Hancock County,TN
47069,Hardeman County,TN
47071,Hardin County,TN
47075,Haywood County,TN
47077,Henderson County,TN
47079,Henry County,TN
47083,Houston County,TN
47085,Humphreys County,TN
47091,Johnson County,TN
47095,Lake County,TN
47097,Lauderdale County,TN
47101,Lewis County,TN
47103,Lincoln County,TN
47109,McNairy County,TN
47121,Meigs County,TN
47123,Monroe County,TN
47127,Moore County,TN
47131,Obion County,TN
47133,Overton County,TN
47135,Perry County,TN
47137,Pickett County,TN
47151,Scott County,TN
47161,Stewart County,TN
47175,Van Buren County,TN
47181,Wayne County,TN
47183,Weakley County,TN
47185,White County,TN
48001,Anderson County,TX
48005,Angelina County,TX
48017,Bailey County,TX
48023,Baylor County,TX
48031,Blanco County,TX
48033,Borden County,TX
48035,Bosque County,TX
48043,Brewster County,TX
48045,Briscoe County,TX
48047,Brooks County,TX
48049,Brown County,TX
48053,Burnet County,TX
48063,Camp County,TX
48067,Cass County,TX
48069,Castro County,TX
48075,Childress County,TX
48079,Cochran County,TX
48081,Coke County,TX
48083,Coleman County,TX
48087,Collingsworth County,TX
48089,Colorado County,TX
48093,Comanche County,TX
48095,Concho County,TX
48101,Cottle County,TX
48103,Crane County,TX
48105,Crockett County,TX
48109,Culberson County,TX
48111,Dallam County,TX
48115,Dawson County,TX
48119,Delta County,TX
48123,DeWitt County,TX
48125,Dickens County,TX
48127,Dimmit County,TX
48129,Donley County,TX
48131,Duval County,TX
48133,Eastland County,TX
48137,Edwards County,TX
48147,Fannin County,TX
48149,Fayette County,TX
48151,Fisher County,TX
48153,Floyd County,TX
48155,Foard County,TX
48159,Franklin County,TX
48161,Freestone County,TX
48163,Frio County,TX
48165,Gaines County,TX
48169,Garza County,TX
48171,Gillespie County,TX
48177,Gonzales County,TX
48185,Grimes County,TX
48191,Hall County,TX
48193,Hamilton County,TX
48195,Hansford County,TX
48197,Hardeman County,TX
48205,Hartley County,TX
48207,Haskell County,TX
48211,Hemphill County,TX
48217,Hill County,TX
48225,Houston County,TX
48237,Jack County,TX
48239,Jackson County,TX
48241,Jasper County,TX
48243,Jeff Davis County,TX
48247,Jim Hogg County,TX
48255,Karnes County,TX
48261,Kenedy County,TX
48263,Kent County,TX
48267,Kimble County,TX
48269,King County,TX
48271,Kinney County,TX
48275,Knox County,TX
48277,Lamar County,TX
48279,Lamb County,TX
48283,La Salle County,TX
48285,Lavaca County,TX
48287,Lee County,TX
48289,Leon County,TX
48293,Limestone County,TX
48295,Lipscomb County,TX
48297,Live Oak County,TX
48299,Llano County,TX
48301,Loving County,TX
48307,McCulloch County,TX
48311,McMullen County,TX
48313,Madison County,TX
48315,Marion County,TX
48319,Mason County,TX
48323,Maverick County,TX
48327,Menard County,TX
48331,Milam County,TX
48333,Mills County,TX
48335,Mitchell County,TX
48337,Montague County,TX
48341,Moore County,TX
48343,Morris County,TX
48345,Motley County,TX
48347,Nacogdoches County,TX
48357,Ochiltree County,TX
48365,Panola County,TX
48369,Parmer County,TX
48371,Pecos County,TX
48373,Polk County,TX
48377,Presidio County,TX
48379,Rains County,TX
48383,Reagan County,TX
48385,Real County,TX
48387,Red River County,TX
48389,Reeves County,TX
48391,Refugio County,TX
48393,Roberts County,TX
48399,Runnels County,TX
48403,Sabine County,TX
48405,San Augustine County,TX
48407,San Jacinto County,TX
48411,San Saba County,TX
48413,Schleicher County,TX
48415,Scurry County,TX
48417,Shackelford County,TX
48419,Shelby County,TX
48421,Sherman County,TX
48429,Stephens County,TX
48431,Sterling County,TX
48433,Stonewall County,TX
48435,Sutton County,TX
48437,Swisher County,TX
48443,Terrell County,TX
48445,Terry County,TX
48447,Throckmorton County,TX
48449,Titus County,TX
48455,Trinity County,TX
48457,Tyler County,TX
48461,Upton County,TX
48465,Val Verde County,TX
48467,Van Zandt County,TX
48475,Ward County,TX
48483,Wheeler County,TX
48495,Winkler County,TX
48499,Wood County,TX
48501,Yoakum County,TX
48503,Young County,TX
48507,Zavala County,TX
49001,Beaver County,UT
49007,Carbon County,UT
49009,Daggett County,UT
49013,Duchesne County,UT
49015,Emery County,UT
49017,Garfield County,UT
49019,Grand County,UT
49025,Kane County,UT
49027,Millard County,UT
49031,Piute County,UT
49033,Rich County,UT
49037,San Juan County,UT
49039,Sanpete County,UT
49041,Sevier County,UT
49047,Uintah County,UT
49055,Wayne County,UT
50001,Addison County,VT
50005,Caledonia County,VT
50009,Essex County,VT
50015,Lamoille County,VT
50017,Orange County,VT
50019,Orleans County,VT
50025,Windham County,VT
50027,Windsor County,VT
51001,Accomack County,VA
51005,Alleghany County,VA
51017,Bath County,VA
51021,Bland County,VA
51025,Brunswick County,VA
51027,Buchanan County,VA
51035,Carroll County,VA
51037,Charlotte County,VA
51049,Cumberland County,VA
51051,Dickenson County,VA
51057,Essex County,VA
51077,Grayson County,VA
51081,Greensville County,VA
51083,Halifax County,VA
51091,Highland County,VA
51097,King and Queen County,VA
51099,King George County,VA
51103,Lancaster County,VA
51105,Lee County,VA
51109,Louisa County,VA
51111,Lunenburg County,VA
51113,Madison County,VA
51117,Mecklenburg County,VA
51119,Middlesex County,VA
51131,Northampton County,VA
51133,Northumberland County,VA
51135,Nottoway County,VA
51137,Orange County,VA
51139,Page County,VA
51141,Patrick County,VA
51147,Prince Edward County,VA
51159,Richmond County,VA
51163,Rockbridge County,VA
51167,Russell County,VA
51171,Shenandoah County,VA
51173,Smyth County,VA
51175,Southampton County,VA
51181,Surry County,VA
51185,Tazewell County,VA
51193,Westmoreland County,VA
51195,Wise County,VA
51197,Wythe County,VA
51530,Buena Vista city,VA
51580,Covington city,VA
51595,Emporia city,VA
51620,Franklin city,VA
51640,Galax city,VA
51678,Lexington city,VA
51720,Norton city,VA
53009,Clallam County,WA
53019,Ferry County,WA
53023,Garfield County,WA
53025,Grant County,WA
53031,Jefferson County,WA
53039,Klickitat County,WA
53043,Lincoln County,WA
53047,Okanogan County,WA
53049,Pacific County,WA
53055,San Juan County,WA
53069,Wahkiakum County,WA
54001,Barbour County,WV
54007,Braxton County,WV
54013,Calhoun County,WV
54017,Doddridge County,WV
54021,Gilmer County,WV
54023,Grant County,WV
54025,Greenbrier County,WV
54031,Hardy County,WV
54033,Harrison County,WV
54035,Jackson County,WV
54041,Lewis County,WV
54047,McDowell County,WV
54059,Mingo County,WV
54063,Monroe County,WV
54065,Morgan County,WV
54067,Nicholas County,WV
54071,Pendleton County,WV
54073,Pleasants County,WV
54075,Pocahontas County,WV
54083,Randolph County,WV
54085,Ritchie County,WV
54087,Roane County,WV
54089,Summers County,WV
54093,Tucker County,WV
54095,Tyler County,WV
54097,Upshur County,WV
54101,Webster County,WV
54103,Wetzel County,WV
54109,Wyoming County,WV
55001,Adams County,WI
55003,Ashland County,WI
55005,Barron County,WI
55007,Bayfield County,WI
55011,Buffalo County,WI
55013,Burnett County,WI
55019,Clark County,WI
55023,Crawford County,WI
55029,Door County,WI
55037,Florence County,WI
55041,Forest County,WI
55047,Green Lake County,WI
55051,Iron County,WI
55053,Jackson County,WI
55057,Juneau County,WI
55065,Lafayette County,WI
55067,Langlade County,WI
55077,Marquette County,WI
55081,Monroe County,WI
55085,Oneida County,WI
55091,Pepin County,WI
55095,Polk County,WI
55099,Price County,WI
55103,Richland County,WI
55107,Rusk County,WI
55113,Sawyer County,WI
55119,Taylor County,WI
55121,Trempealeau County,WI
55123,Vernon County,WI
55125,Vilas County,WI
55129,Washburn County,WI
55135,Waupaca County,WI
55137,Waushara County,WI
56003,Big Horn County,WY
56005,Campbell County,WY
56007,Carbon County,WY
56009,Converse County,WY
56011,Crook County,WY
56013,Fremont County,WY
56015,Goshen County,WY
56017,Hot Springs County,WY
56019,Johnson County,WY
56023,Lincoln County,WY
56027,Niobrara County,WY
56029,Park County,WY
56031,Platte County,WY
56033,Sheridan County,WY
56035,Sublette County,WY
56037,Sweetwater County,WY
56039,Teton County,WY
56041,Uinta County,WY
56043,Washakie County,WY
56045,Weston County,WY
72049,Culebra Municipio,PR
72083,Las Marias Municipio,PR
72093,Maricao Municipio,PR
72147,Vieques Municipio,PR
